time,page 
0,102.44732526886098 
10,177.07317357533296 
20,494.3009714072672 
30,3059.9049750229574 
40,3836.283695504717 
50,6344.978243612606 
60,1771.4157805972193 
62,0.0 
