time,freemem@tsung_controller@ip-172-31-59-233 
0,673.125 
10,673.9609375 
20,673.9609375 
30,673.9609375 
40,673.9609375 
50,673.9609375 
60,673.9609375 
62,673.9609375 
