time,connect,request 
0,2.2940070270162645,90.51015183572196 
10,0.10206805327819272,124.87076621873153 
20,0.5447937205614015,493.106090829698 
30,1.6589159314686082,2174.6465978147303 
40,0,2057.3233720158855 
50,0,2754.7490516782236 
60,0,729.8510817451725 
62,0,0.0 
