time,session 
0,511.3619999999999 
10,1303.84125 
20,2602.736066666667 
30,4013.1896904761907 
40,16729.768692307694 
50,26806.588121212124 
60,28381.688052083326 
62,36778.618 
