time,freemem@tsung_controller@ip-172-31-59-233 
0,673.125 
10,673.125 
20,668.19921875 
30,650.81640625 
40,623.58203125 
50,600.4453125 
60,596.27734375 
62,596.27734375 
