time,cpu@tsung_controller@ip-172-31-59-233 
0,0.59811886399524 
10,0.59811886399524 
20,0.8982035928143712 
30,1.9335647000495786 
40,4.413928396272683 
50,4.413928396272683 
60,4.413928396272683 
62,4.413928396272683 
