time,page 
0,175.65927272727274 
10,247.91180392156858 
20,597.8192477064223 
30,2375.998910714285 
40,10618.748067164168 
50,12663.520678111588 
60,3589.1643428571438 
62,53.474 
