time,session 
0,7.920080428884557 
10,1625.416631048156 
20,2693.6616819298215 
30,4977.857723610852 
40,5238.725449508032 
50,3262.35067922025 
60,2026.9769663239347 
62,0.0 
